AgentID,Name,PhoneNumber,Email,Agency
1, MARK MOSS ,+1 445 250 9754,,Owens-Miller
2, TREVOR REYNOLDS ,(577)836 6370x6458, wjohnson @example.net ,Harper-Cochran
3, Lisa Fox ,(571)946 0001,davismichael@example.org,"webb, martinez and key"
4,Lisa Harvey,001 799 788 4771x20735,grahamjennifer @example.com,Sampson-Wright
5,Jill Green,3772665355,villarrealalison@example.net,Ortega-Brooks
6,Charles Carroll,649-844-3029x75539, anne45 @example.com ,"Lopez, Anthony and Dillon"
7,steven goodwin,797-893-1047,peterweaver@example.org,"Chase, Thompson and Aguirre"
8,DARIN PHELPS,951 865 9735, kylietucker@ example.com ,
9, Lori Baker ,+1 954 459 6012, heatheredwards@example.org ,SHANNNO-DAVIS
10, KATIE GOODWIN ,(643)667 4251x251,bmoore@ example.org,Schmidt-Leonard
11,Kristin Romero,(249)504 4809,rickey41@ example.org," webster, russell and williams "
12,Kristine Hurley,8898334915, zthomas @example.com ,HILL INC
13,Kimberly Sampson, 695 492 1448 ,teresaortiz@ example.org," Ortiz, Palmer and Weiss "
14,Adam Moran, 387-490-1943 , sherry21@ example.com ,MOOR ELLC
15, katherine hayes phd ,+1 227 433 2391x254, muellermiranda @example.net ,Johnson-Eaton
16,BRANDON LEVY,,mendezdana @example.com,"WILLIAMS, MURPHY AND BERG"
17,Isaac Anderson, 401 586 1384 ,,HERNANDEZ GROUP
18, Anita Garcia ,373 723 8613,william38@ example.net,ihll ltd
19,daniel mills,543 726 6005x876,jmendoza @example.net, Arnold LLC 
20, eJnnifer Romero ,(790)207 3483,alexander14 @example.net, Brown Ltd 
21,Whitney Levy,6284303040,christophersalazar @example.net,Gilbert Ltd
22,aaron garcia,+1 535 550 4221,bianca15 @example.org,Fleming-Cannon
23,Trevor Garrett,+1 293 604 8239x5076,robert78 @example.org,"burgess, leonard and potter"
24,Raymodn Villa,669 884 3125x34551,, Russell-Jacobs 
25,SAMUEL LAMB, 498-214-6701 ,sally43@example.org,"CASTILLO, DAVIS AND MORGAN"
26,BRIAN PERRY,001 213 644 9875x80400,jonesdrew@ example.com, BLEVINS-WILLIAMS 
27,Edward White,4167608899,chloewilkins@ example.org,"rodriguez, irwin and hayes"
28, Adam Mullen , 551 504 1807x9024 , cchristensen @example.com ,Kennedy-Adams
29, jason poole ,+1 796 746 6874x925,stephen37@ example.com,"NELSON, CUNNIGNHAM AND KING"
30,Wendy Barton,(201)284 0034,melissahoffman@ example.org,Adams-Collins
31, Harold Cruz , 703-249-2544x2453 ,,"hamilton, parker and bonilla"
32,Chloe King, 782-434-7326 ,,Howell LLC
33, Paul Norris ,714 520 8867,david25@example.com, thomas-wolf 
34,Jason Johnson,698 832 3133,jenniferwagner@example.com,"DOUGLAS, MCCONNELL AND HIGGINS"
35,Christopher Edwards,+1 452 794 2009x834,williamsisaiah@ example.net,Murray-Cruz
36,TIMOTHY SAVAGE,655-899-9960,timothy48@example.org,"FORBES, ALLEN AND CASTRO"
37, Mr. Eugene Harris DVM ,874 299 1482x2142,,"Murphy, Singleton and Moon"
38,Cameron Nelson,7806478261,,"MOORE, BLACK AND MILLS"
39, steven wilson ,635-443-2889x9765, marvinvaughn@example.com , Walker-Morgan 
40,denise dean,844 840 7655,eric00@ example.com,Bomwan LLC
41,Wendy Kirk,,anthony53 @example.net,"johnson, lopez and nash"
42,andrea jackson dvm, 677-698-9480x45760 , timothybarnett @example.org ,STANTON AND SONS
43,John Ramos,627 328 6773x3417,,"Stevens, Jackson and Ferguson"
44,Nancy Cummings,928 797 6983,zpatel@ example.org,"Barntet, Hall and Smith"
45,Randall Owens,378-311-3465,uanderson@ example.net,Castro LLC
46,Jesse Elliott,+1 583 406 4609x518,bryanramsey@example.net,Miller Inc
47,Lisa Velazquez,911 305 3610x304,iandrews @example.net,Diaz-Soto
48,Jessica Doyle,+1 986 316 0292x362, tabitha77 @example.org ,campbell-marsh
49,Catherin eCasey,390 623 5143x456,caleb30 @example.com,"Hines, Perez and Ramirez"
50,Rachel Stewart,(728)863 5293x990,monroeeric@ example.com,SKINNER GROUP
51,JACOB JOHNSON,001 783 511 9197x800,wandawoods@ example.com," hunter, ror and ward "
52,Danny Snatana,+1 536 700 4876x16585,lcollier@example.com,"DAVIS, MOORE AND ANDERSON"
53,eMlissa Patterson,321-721-5805x480, kwells@example.org ,"Rodriguez, Glover and Cook"
54, Cynthia Johnson ,(559)230 7073x595,fletcherbrandon@ example.org,love llc
55,dana lopez, 001 829 324 4708x2000 , zmoore@ example.com ,Dudley-Cian
56,jessica whitehead,(774)242 6842x75930,jacobsmatthew@example.net,phillips and sons
57,KATIE NEAL,+1 271 474 7554, elizabethmartinez@ example.org ,Ford-Fowler
58,Taylor Garza,830 946 0973x75123,,"GARRETT, ANDERSON AND FERGUSON"
59,Katelyn Brown,826-204-3498x561, ddennis@ example.org ,Morgan Ltd
60,Eric Jones,406 607 6764,wilsonvicki@example.org, FINLEY-ORTIZ 
61,rGeg Evans,,,"Ford, Mills and Wright"
62,Wendy Gonzales DVM,(394)554 3116x056,,thompson-morales
63,TYLER WILLIAMS,453 248 4742,paulfisher @example.org,Preston-Byrd
64, Jeffery Davis ,930 657 9999,nicholassnyder @example.net,foster group
65,SARA FIGUEROA,001 488 343 4680x026,maryhoward@example.com,BATES-PONCE
66,Wayne Frye,766-970-7601x839,phodges@example.net,Boone-Griffin
67, Craig Meadows ,+1 244 462 7148x71481,,Gonzalez Inc
68,ALEXIS HUBBARD,981-941-1642,,Williams-Hunt
69,Shelby Roberts,525-455-3828x8316, christopher48@ example.com ," wade, rojas and sparks "
70,jonathon ward,647 721 9507x3575,joseph87 @example.com,ROBERTSON INC
71,craig johnson,262 903 9959,charlesanderson @example.net,"YOUNG, WALLACE AND BROWN"
72,ROBERT OCONNELL,563 778 5690,,WELLS-SMITH
73,ALEXANDRA SCHWARTZ,+1 759 668 3260,haynesjocelyn @example.net,Smith-Leonard
74,jaim emoore,+1 260 471 6644x7875,douglasbethany @example.com,Williams LLC
75,laura vance,297 517 3076x098, jeffery28 @example.net , Baker and Sons 
76,Janice Cochran,(562)547 0044x8640,mariewhitney@ example.net,Bridges-Skinner
77,James Wallace,+1 649 204 4843,margarethansen @example.net,ryan-dominguze
78,Steven Knight,605 838 2798,amy55@example.net,"king, williams and carney"
79,Zachary Love, 001 655 640 9700 ,torresbryan@ example.com,Carbera-Moore
80,Diana oCx,+1 281 240 2687x099,zterry@example.com, Cruz-Rose 
81, Nicole Peterson ,591-861-2449x9011, howardcollins @example.com ,Sherman Group
82,Krista Chen, 411-978-6480x062 ,ramirezsusan@example.com,"bradley, phillips and rose"
83, Grace Mathews ,+1 997 445 9275x9408,youngtiffany @example.net,Johnston Inc
84,Matthew Spears,525-818-6639x40145,diana60@ example.org,skinner llc
85, Jessica Caldwell ,481 538 5912,johnmartin@ example.org," Johnson, Cole and Horne "
86, elizabeth conway ,990 827 1412x44908,brookeswanson@example.org,
87,Billy Thomas,(396)553 6459,,Whit eLLC
88,aLurie Riley,375-764-4036x129, iramirez@ example.com ,"Anthony, Thompson and Fritz"
89,Kayla Morales,(258)673 7812,jmerritt@ example.org,Smith Group
90,RICKY STRICKLAND,566-275-9129,daughertymichael@ example.org," Cuevas, Odom and Lee "
91,David Lowery,942 704 3228,mary86@ example.org,"Howard, Barber and Murphy"
92, michelle mcdaniel ,440-453-3668x503,,Adam-sWeaver
93,JUSTIN SMITH,207-990-0310x3328,kellytaylor@ example.com,"Mills, King and King"
94,Jordan Carpenter,, iwagner@example.org ,"Watson, Rosario and Wu"
95,John Phillips,(733)288 9224x103,lgould@example.net, johnson-jones 
96, Daniel Williams ,366 382 0202x86708,rebeccagibson@example.com,Mann Inc
97,LESLIE KANE, 502 610 8398x37161 , efisher @example.org ,ESPARZAJ-ACKSON
98, Jeremy Moragn ,957-827-2825x36072,diazpatricia@ example.net,SNYDER PLC
99,Karen Phillips, 001 214 354 6771x581 ,bhoward@ example.org,Smith and Sons
100,kathryn grant,(489)699 5979,uescobar@example.org,hobbs-duran
101,Brittany Jones,358-581-0000x7965,christopheredwards @example.org,Livingston PLC
102,nicole bailey,001 944 447 1221x076,lisathomas@ example.net,Gordon Group
103,Sydney Barnes,382-219-8065x8731,ypeterson@ example.com, Daivs-Stone 
104,Lisa Miller, 286-296-0912x321 ,wilsonjacob@example.net, DALTON-BERRY 
105,Lisa Joseph,5177353448,sarahwilliams @example.net,Avila-Stevens
106, danielle chung ,464-890-9578,phillipthompson@example.com, Wiggins LLC 
107,Amanda Ibarra, +1 924 953 5241x95258 ,brownjames@ example.com,THOMPSON-LEE
108,Sarah Copeland DDS,(709)737 3619x03061, jacquelineanderson@ example.com ,"Thomas, Gibson and Elliott"
109,Brooke Foely, 796-794-5136 ,marybrooks@example.org," WILLIAMS, SHAFFER AND AYALA "
110,cody williams,001 419 461 1625,,
111,claudia cunningham,(981)734 4893,chelseaclark@example.org,Hampton-Medina
112,ASHLEY JACKSON,(303)784 9925x71700,simmonsfrank@example.com,mitchell llc
113, Megan Smith ,+1 420 943 5327x73739,llopez @example.com, page-gonzalez 
114,CHRISTOPEHR REED,668-975-7579x280,kelleramanda@ example.org,White and Sons
115,dian emorgan, +1 358 285 3302x807 ,michaelsimon @example.net, pugh inc 
116,MATTHEW REYES,+1 366 840 8078x6822,briangomez@ example.org, King-Brown 
117,Joseph Steele,912-937-0025,,"Russell, Durham and Ross"
118, JUAN GONZALEZ ,(740)222 6713, johnsonmary@example.org ,Roberts Group
119,RICKY LEWIS,6174310116,huertagarrett@example.net,"Allen, Lloyd and Sloan"
120,Logan Smith, +1 292 662 0461 ,calebnelson @example.org,"murray, rodriguez and santiago"
121,Edward Heath, (963)560 6414 ,garciaryan@ example.org,Thompson Group
122,COURTNEY HARVEY,+1 528 430 7810, bentonlouis@example.org ,Smith LLC
123,Melissa Vazquez, (697)615 8002x8866 ,delgadojocelyn@ example.org," Castro, Hansen and White "
124, Carolyn Wells ,+1 936 286 1710x647, justin82 @example.org ,EDWARDS LLC
125,Richard Martinez PhD,+1 289 296 0627x147,,"Bullock, Harris and Gonzalez"
126,Amy Wood,512 570 1988,djames @example.com,"Martin, Kerr and Martin"
127,ALICE MENDOZA,5445176550,gibsonsarah @example.net,"Holmes, Butler and Griffin"
128,LAURA WARREN, 259-978-5351x386 ,smithtimothy@example.org,clark-galvan
129, Amanda Blackwell ,+1 736 880 7720x7093,sandra37@ example.net,MONTOYA GROUP
130,joanna howard,591 729 1672x673,jpitts@ example.com,aSnders and Sons
131, Laura Mcgee ,245-527-6972x648,james29@example.net,Adams PLC
132,Michael Novak,618-794-8394x67688,sheilawatson@example.net,Ricahrds-Russell
133,Kyle Cisneros,995-437-9926x9266,pallen @example.net,wilson-flores
134,Manuel King,314-405-5023x709, shanehunter @example.com ,iWlkins-Carlson
135,Michael Benson,001 307 468 2260,watsonsteven@example.com,THOMAS AND SOSN
136, Kimberly Taylor ,236 381 9983,orodriguez@example.net," Kim, Jones and Bean "
137, Mtathew Hess ,,brian01 @example.org,"Phillips, Wilson and Page"
138,Jessica Jacobs,(733)814 8777x789,lesliereynolds@example.net,Perkins-Garcia
139,Jessica Molina,+1 236 242 7823x589,phill @example.com,"Lee, Mitchell and Aguirre"
140,paul adasm,958 599 7430x83065,morganmichelle @example.net,butler llc
141, sean lawson ,,," burton, fleming and brown "
142,Kelli Mcmahon, +1 631 921 2933x637 ,lawrencedustin@example.org, Sanchez Inc 
143,Thmoas Yang,363 800 9914x688,frank98@example.net,Garcia-Coleman
144,Christopher Grimes,(704)705 8446x13953,mross@example.net,
145,Theresa Arnold,+1 297 987 7886x15581,hobbsalicia@ example.org,Mora-Palmer
146, Matthew Pope ,(773)352 6599x0525,lthomas@example.org,"Luna, Sandoval and Hopkins"
147,Cynthia Thomas,237-708-0161x801,skelley@example.net,"Dickerson, Cooke and Hess"
148,Larua Reed,203-879-4579x21768,tashavillegas@example.com,"ELLIOTT, PACE AND SMITH"
149,Matthew Collins Jr.,931 913 9472x7932,johnsonvictoria@example.com,Sullivan-Wolfe
150,deborah rojas md,(985)898 4688x96377,,"long, lee and taylor"
151,Brian Tran,001 642 378 7949x227,nicolelopez@example.com,"salazar, wolfe and meyer"
152,Mr. Lawrence Burton DVM, 932-911-9849x21112 ,colemanhenry@ example.net,"ONEAL, MCDONALD AND ROSS"
153,JILL BROOKS, +1 950 749 2189 ,johnsonkristen @example.net,Garcia-Hill
154,joyce schmitt,456 840 8383x78301,alejandrosimmons @example.com, ramirez inc 
155,heather rowe,947 594 5034,nathaniel07@example.org,"Beard, Figueroa and Phillips"
156,Angela Anderson, (739)335 6250x57431 ,,Turner LPC
157,Donna Preez, 512-205-6638x9604 ,nholmes@ example.com,
158,victor bradshaw,594 828 4499,diane22 @example.com,"Williamson, Boyle and Gilmore"
159,Elijah Olson,873 416 4735,brookskristina@example.com,"Potter, Kelley and Lawson"
160,Gregory Mitchell, (481)589 2918x680 ,,LEE LLC
161,REBECCA PACE,630-981-3669,ramseydavid @example.org,Smith-Obrien
162,Michael Hall, (757)663 4798x518 ,jensennatalie@ example.org,"Chen, Reyes and Smith"
163,Bobby Bealsey,(374)700 2023x49448,sjohnson@example.net,"Moore, Davis and Beck"
164,William Hughes,001 519 634 3778x287,,Morrow-Smith
165,Richard Frye,432-824-1724,harrisonamber@ example.com,White PLC
166,Michael Wells,513-793-5562x82283, vruiz@ example.org , Richardson-Brooks 
167,JAMIE BROWN,+1 687 489 9679,robertjohnston @example.net,Marks PLC
168,Brittany Khan,(450)817 9667,, ORR-HARPER 
169,allen castro,2528847560,,"Key, Lee and Hill"
170,Katherine Arnold,726 533 2812x6856,brockamanda@ example.org,"Pollard, Howard and James"
171,Yvonne Martin,(960)471 1508x6388, lgray@ example.com ,Powell-Adams
172,Dr. Annette Harding DVM,979 288 0939,lanejamie@example.net,hodge-paul
173, Lisa Cruz ,761-606-1721x495,robinsonholly@example.org,Pierce LLC
174,,+1 496 396 0488,youngchristopher@example.com,JACKSON-RUIZ
175,ERIAC DICKSON, 001 429 856 3145x3651 ,ckerr@ example.org,Castillo-Boone
176,Steven Gardner, 900-385-1345 ,,"Nunez, Schneider and Burns"
177, Alexander Parker ,801 309 2289x751,jonesdavid @example.com,Rogers-Wright
178, Mr. Daniel Stanley ,001 500 838 3210x36484,klee@example.org, Chambers Group 
179,matthew foster,317 661 4915,courtneyjones@ example.com, MEDINA LTD 
180,arthur dunn,305 798 2973x868,natalie37 @example.net,"Garrett, Oconnor and Lara"
181,SamuelC arroll,8485362961,ashley12 @example.org," Garza, Bell and Avila "
182,Linda Parsons,+1 903 201 8416x6351,,"Brown, Boyd and Good"
183,Sara Hernandez,404-714-0379x7394, debralee @example.com ," Frank, Shea adn Burgess "
184, Nicholas Delacruz ,783-585-3408,christina10 @example.org,CarterP LC
185,Virginia Sullivan,793-720-0636x79382,,May-Collins
186,ricky smith,241 380 9462x698,coffeymark @example.com,terry-webtser
187, Michael Vega ,889 929 9889,shannon87 @example.net,Baiely Ltd
188,Jason Collins,478-509-9533x1238,ashleyjohnson@ example.org,MOODY PLC
189, lisa aguilar ,(888)687 2383x3738,bphillips@ example.com,"Morrow, Pineda and Jonse"
190,CHARLES CURTIS,(492)928 5176,sstephenson @example.com,Maldonado Group
191,Nicholas Craig, 001 785 593 1946x8805 ,ksmith @example.org,"Wiggins, Duke and Erickson"
192,Julian Mya,001 314 752 9650,vargaseric@example.org,Medina-Dorsey
193,Jacqueline Manning,(377)608 6666x0505, shawjessica @example.net ,Jacksno-Morgan
194,Terri Frank,6854510062, maryking @example.com ,SADNERS-MORRISON
195,Elizabeth Jones,629 846 9721x9916,christina01@ example.com,"Robinson, Cortez andH ernandez"
196,Stacey Harris,4578446878,thomas21 @example.net,"Mejia, Haynes and Obrien"
197,NATHAN STONE,333 754 2475x752, khoffman @example.net ,klein-houston
198,Samantha Madden,001 809 621 4757x77994, heather49 @example.net ,Munoz Ltd
199,Andrew Simpson,, zrowe @example.net ,"brown, jackson and friedman"
200, Jamie Soto ,857-834-0536x86996, jonmoore@ example.com ,"Jonhson, Jones and Brown"
201,David Schultz,(545)865 6651x66807,andre46@ example.org,"Landry, Harmon andP ierce"
202,Robert Alexander, 5659604767 ,hrichardson@ example.net,Gordon-Thompson
203,Danielle Pena,+1 694 554 6324x1528,jessica29@example.org,
204,joshua white,459-919-4602x070,brendarichard @example.com,Cox-Whiet
205,DEREK RODRIGUEZ,(334)835 6920x90672,smithangela@ example.com,Tate-Harris
206,LAURA WRIGHT,422-331-5647x6706,jessica98 @example.org,"FARRELL, HOLDEN AND LEE"
207,Tiffany Avila, 001 334 523 3158 , baldwinamber@ example.com ," JEFFERSON, MCMILLAN AND DIAZ "
208, Alicia Jackson ,8082962341,sharonmontgomery@example.com,"diaz, mccoy and lyons"
209,,+1 536 531 7893,nsmith @example.org,"Chan, Orozco and Whitehead"
210,Steven Watson MD,+1 334 618 1486x1452,castillocarolyn@ example.net,"Gutierrez, Marquez and Park"
211,Mark Ellis,(303)904 4929x275,johnkrause @example.com,"Bridges, Reynolds and Osborne"
212,Jeanette Petty,592 363 8591x671,zallen@ example.com,KAISER-JACKSON
213,KENNETH DIAZ,001 563 745 6706x01865,uhernandez@ example.com,hunt inc
214,LINDA ONEILL,+1 687 834 0941x1697,michaelcole@ example.com,Kim-Ortega
215,Steven Browning,001 968 406 5434x86961,hannah26@ example.org,Henderson-Phillips
216,Emily Miller,+1 628 627 0657x20744,kathleen63@example.com,Crane PLC
217,Brittany Duffy,001 990 216 3790x38210,klang@example.org,Hull-Mata
218,travis young,(724)241 5475x742,josephgonzalez@ example.com," Logan, Smith and Davis "
219,Andrea Osborne,924 959 0666,qschroeder@example.com,"Salinas, Peck and Roberson"
220,Dr. Martha Edwards,(811)993 4810,pgrimes@ example.org,RUIZ-MONTGOMERY
221,Zachary Ball,776-252-0016x646,smithstephanie@ example.org,Lewis and Sons
222,DAWNB ROWN,001 343 537 6943, robertkramer@example.com ,"Wright, Martin and Mccullough"
223, Eric Baker ,+1 456 740 9500x40051, karenbutler@ example.net ,GLOVER GROUP
224,Heathre Hoffman,+1 802 663 8152,daniellesolomon@example.com,Moody-Johnston
225,Sarah Lee,+1 602 463 3192,,newton plc
226,Kenneth Gonzales, 800-928-1200 ,aguilarsabrina@example.net,Nguyen-Charles
227,Marcus Ellison,893 920 7259, ufigueroa@example.net ,Mccoy PLC
228,Karen Gross,270 561 4332x807, michael02 @example.com ,Olson-Knight
229, Miss Melissa Buchanan ,+1 845 989 6747, rrogers@example.net , Mcclure-Simmons 
230, Brian Allen ,+1 418 812 4530,,"davis, hall and coleman"
231,ThomasH ansen, +1 906 528 0390 ,qcarter @example.net,Bennett-Mccarthy
232, Glenn Orr , 786-996-1470 ,,"Robinson, Nelson and Moreno"
233,Diane Cummings,353-738-6349,tmartinez @example.net,DANIELS LTD
234, Micheal Joseph ,803 267 1848x31162,, BRYANT-CURRY 
235,Bradley Ramsey,290-743-5501,beverly18 @example.net,JONHSON-FREEMAN
236,Dawn Montgomery,705-843-4928x86860,sgutierrez@example.org,Thomas Group
237,Sarah Tunrer DDS,(946)863 2471x02631,sloanmichael @example.net,"JOHNOSN, NASH AND RUSH"
238,Julie Jenkins,(206)731 4300x213,heatherwhite @example.net,Bruce-Willimas
239, Jimmy Willis ,001 921 690 5759x6970,christopher29@example.net,FOLEY-MAYER
240,karen davis,6987091548,copelandjavier @example.net,"murillo, richadrs and garza"
241,Billy Morrow,+1 387 903 4884x00562, christopher10@ example.net ,"Wong, Marshall and Adams"
242,Samanth aColeman,401 386 1258,laceycabrera @example.com,Harding Group
243,Edward Sutton,839-662-9634x51585,trevorescobar @example.org,"GRAHAM, KENNEDY AND PENA"
244,Stacey Sanders,+1 832 324 2820,bcooper@ example.net,"hernandez, richardson and cowan"
245,Michael Lambert,447-784-1124x4536,romeroronald@example.org,"Bonilla, Caldwell and Peterson"
246,robert price jr., 602-784-8193 , tkey @example.org ," Clark, Davis and Miller "
247,jesus barnes,+1 367 364 5008,sullivanjonathan @example.org,Mahoney LLC
248,Jeremiah Rodriguez,782-762-7558,lmendoza@ example.com,"fry, holt and snyder"
249,GARY SCOTT,326-485-2026,patriciaramirez@ example.com," Elliott, Ruiz and Christensen "
250,Judy Rodriguez,685-917-3102x6122, christopherwells@example.org ,reed group
251,brittney rodriguez,,anna89 @example.net,MARTIN GROUP
252,JOANNA COLLINS,832 865 7569x878,aashley @example.org, Ortega-Dougherty 
253,Danielle Mccormick,223-344-0234, coreyschultz @example.org ,"Parker, Morgan and Perez"
254,adam jennings,(619)202 0137x2338,,"Abbott, Nelson and Hopkins"
255,beth rgeen,(260)295 9084,upowers@ example.org,"Mcpherson, Hanna and Vargas"
256, DANIEL YATES ,001 468 810 9191x346,snyderjames@example.org,"HERMAN, DOMINGUEZ AND MONTES"
257,benjamin andrews,209 586 1193,,"Russell,P owell and Berger"
258,stepehn cox,9794383342,,"COOK, DAVIS AND AADMS"
259,Douglas Clark, 615-967-1099x23793 ,jessica43@example.net,Lozano-Golden
260, Kenneth Caly ,491 341 9243x1327,laurenwise@ example.com,PERRY AND SONS
261,Mcihael Jones,567-307-2818x0296,qblack@ example.net,Collins PLC
262,Mrs. Laura Foster,746 729 3892,,"johnson, johnson and roberts"
263,KIMBERLY MILLS,,,Carey PLC
264,Joseph Meyer,+1 859 809 4963,blackangelica @example.org, Nash-Hunter 
265,JONATHAN REED,,mercadoerin@example.org,"Johnson, Mendoza and Morales"
266,PAMELA REESE,250-239-7417,,Soctt-Coleman
267,alec thompson, 277 537 4184x2035 , cheryl83@ example.com ,"Scott, Gibbs and Gray"
268,Deborah Rangel,001 692 417 0975,tony99 @example.net,Williams Ltd
269,SANDRA REED, (712)998 1544x5555 ,dwayneterry@example.net,"MILLER, EVANS AND MORGAN"
270, Teresa Perez ,447-367-3782x764,pagekathleen@example.org, Love Ltd 
271,Jesse Molina,942 870 7285x997,kathleen30@example.org, Terry-Jackson 
272,Jordan Rivers,865-805-9305x4018,griffinamanda @example.com,"CRUZ, MAYER AND MCCONNELL"
273,Ashley Nguyen,001 327 720 7425x00317,derrick10@example.net,Hood LLC
274,Richard Garrett,388 318 2719,cheath@ example.com, VALDEZ LTD 
275,VANESSA GONZALES,5667192607,imartinez@ example.org," Hendricks, Shaw and Murphy "
276, BETH ALEXANDER DVM , (416)996 0662x409 ,dylan29 @example.org, RICHARDSR-OMERO 
277,Catherine Downs, 001 439 665 1159x084 ,nathan48@ example.com,Harrison and Sons
278,Victroia Lane,(489)993 0952,mparker@ example.org,"Mclean, Shaw and Bryant"
279,Clifford Perez,+1 685 434 9753x302,theodorebarrett@example.com," Palmer, Knight and Curtis "
280,mark ferrell,824-730-0497x073,guy51@example.net,Hernandez PLC
281,HECTOR UDNERWOOD,+1 349 693 6157x555,jacobarellano@example.com,Davis Inc
282,MONICA CLARK, 252 767 1996x3122 ,donald38@ example.com,"Thornton, Clayton and Villanueva"
283,Alexander Davidson,001 509 591 2707,,"Jones, Harvey and Greene"
284,Courtney Anderson,204 887 9772,teresa22 @example.org,"RAMIREZ, WILLIAMS AND THOMAS"
285,scott hansen, 534 248 5145 ,philliptran@example.com,"Davis, Mckay and Hawkins"
286,Jennifer Arroyo, (410)899 2987x25805 ,,DECKER AND SONS
287, Jason Morrow , +1 545 523 0383x56053 ,, Huerta-Guzman 
288,Jame sMassey,644-769-9368,,"Garrett, Walker and Holt"
289, Jason Perkins ,606-525-4796x08500,gsantos@ example.net,"Fraley, Harris and Jackson"
290,Alexandra Crawford,411-331-2416x8519,sherry37@example.org,SANTOS-ALLEN
291,Melanie Wells, 866 957 8705x76174 ,william25@ example.org, Harrison Group 
292, ashley holmes ,444-350-4293x390, courtney96 @example.com ,Walters LLC
293,Amber Hammond, 001 402 500 1196x745 ,jasminemaxwell@example.com, Becker LLC 
294, Emily Gordon ,9172100567,,JOHNSON INC
295, RAYMOND WILLIAMS ,(789)366 6138,hansenkyle@ example.com,
296,Thomas Deleon, +1 255 246 6049 ,,hampton-hunt
297,Bobby Gonzales,+1 932 944 4388x97981,darren34@example.org,ALLEN-RODRIGUEZ
298,Sherry Scott,+1 788 913 4798x1763,fosterjason@ example.net," Carter, Johnson and Diaz "
299,dr. valerie green,+1 951 792 1833x62463,timothyanderson @example.net,Webster Inc
300,Kyle Avery,833 246 4829,yadams@ example.org," Galloway, Richardson and Maritnez "
301,Scott Reyes,+1 867 699 9361x719,oryan @example.org,"BERRY, GARCIA AND CARLSON"
302,Kevin Burke,(588)669 6300x6278,vparker@ example.org,HARRELL-HARRSI
303,NATHANIEL HOWARD,973-356-6219,jenniferdavis@example.net,Perez Group
304,charles barajas,743-656-1712,nwilliams@example.net,SMITH-DAVIS
305,Kyle Hendricks,(275)683 7472x605,normanpaul@example.org,Wagner and Sons
306, denise russell , 423-237-5102x934 ,james57@example.net,holmes plc
307,NICOLE ANDERSON,8362992477,torrestara@example.com,Smith-Lnidsey
308,Monique Yates,552-596-1711x98031,adrianlopez@ example.com,conley-snyder
309, Robert George ,001 586 348 3243,kimbarry @example.net,"waters, holder and nguyne"
310,Richard Wiley,3393130186,bconrad @example.net,Brewer-Shelton
311,hannah chavez,001 679 749 0830x51207,james28@ example.com,Hendrix-Kelly
312,Brittany Raymond, 001 237 507 8078x905 ,fdavis@example.org,Moore Ltd
313, RACHEL JIMENEZ ,(752)476 4257x599,rebeccaadams@ example.org,PEREZ-ALVAREZ
314,samuel weiss,+1 279 672 8336x8152,," PATEL, STAFFORD AND GONZALES "
315,Dougals Edwards,+1 624 232 3976x9590, bryan83@example.com ,hill llc
316,Joseph Everett,001 891 466 0147x89818,sgray @example.net, Preston-Smith 
317,richard hunter, 519-358-0515 ,ashley52@example.net, Wallace-Hale 
318,Nathaniel Smith, 848-400-7768x160 , charles14@example.com , Gibsb-Ross 
319,Christina Peck,957-281-2650,alexandervincent@example.org,Lyons-Gill
320,Angela Lee,295-653-1643, jenniferbradshaw@example.net ,"barton ,cox and richardson"
321, Kristin Ayala , 5824744968 ,thomasjordan @example.org,
322,Tara Diaz, +1 493 442 7050x128 ,,"Brown, oCllins and Jones"
323,DENISE FLORES,467 922 4441x825,jason71@ example.org,"Mccoy, Wilson and Shaffer"
324,GREGORY TUCKER,(689)906 9381x73559,thomas12 @example.com,"JONES, SMITH AND BAILEY"
325,jeffrey webb,(590)713 3788,shannon67@ example.org,"bush, smith and roberston"
326,cassandra stewart, 7294194228 ,cindyware @example.org, CARETR-ZIMMERMAN 
327, andrew silva ,328-667-7859x185, stephenwhite@example.com ,MCBRIDE LTD
328, emiyl garcia ,,alexander23 @example.com,"Castro, Holmes and Jordan"
329,dan anderson,765 562 9482x4982,carmen69 @example.net,Scott-Lawrence
330,Selena Thomas, +1 573 939 0035x6438 ,gabrielacole@example.com,gay-ward
331,Charles Fauklner, (211)409 3604 ,mcintyrecourtney@example.net,Rogers-Jackson
332, BRADLEY TURNER , 406 372 5719 ,james42@example.com,"brandt, davis and reynolds"
333,Taylor Phillips,+1 433 322 1486,galvanjennifer@example.com,
334,christopher lloyd,759-939-7849x35909,spowers@example.org,Payne Group
335,amanda delgado,001 635 869 3307, chungmichael@ example.org , Forbes PLC 
336,James Sanders, 001 356 646 0978x6474 ,connercharles@example.org,"ROBERTS, BLANKENSHIP AND BULLOCK"
337,KENDRA NICHOLS,970-390-3507,stonenicole@example.net,Taylor-Horne
338, Daneil Adams ,001 511 680 1221x48903,patrick07@example.org,maritn group
339,ARTHUR RAMIREZ,293 598 7702x98369, johnsmith@example.net ,gonzalez-davis
340, matthew hernandez ,926-373-8956x206,jacobharper @example.com,Sosa Ltd
341,MARIAH SANFORD,+1 467 762 7591x47750, carol53@ example.net ,Wallace Inc
342, Michael Dlilon ,7513685785,jenniferhamilton @example.net,hall-johnson
343,ANDREW FAULKNER,203-683-5710,wilsondustin @example.net,"harrison, newton and johnson"
344,Heather Wallace,626-580-9245,collierdonna@ example.org,oGnzalez Inc
345, Kyle Blevins ,772 320 5193x113, weissebony @example.net ,Watson-Wong
346,Daniel James,001 772 922 4686x56554,, CHANEY-ROMERO 
347,ANTHONY ROWE,(943)811 4693,," Hayes, Williams and Watson "
348, matthew clark ,795 848 2328,robin19@ example.org,Johnson-Mcdowell
349, Courtney Charles ,(368)612 0421x3682,woodshelby@ example.com,"Morris, Boone and Jensen"
350,crystal ray,883 567 2400x00640,qpace@example.com,Johnson-Avila
351,Pedro Haynes,001 398 800 8289x903,ricky51 @example.net,Wright Group
352,Angela Watts,261 229 2175x312,nicolas49@ example.net,Ferguson Inc
353,SHANNON JOHNSON,384 261 1462,patriciarogers@ example.net, ACOSTA GROUP 
354,JOSHU AMORTON,578 296 3306x51919, janicehuff@ example.org ,Smith PLC
355, Craig Wright ,+1 605 309 1631x2661,umitchell@ example.net, torres-dunlap 
356,Vincent Blevins,(476)800 7503x372,matthew36@example.net,Hill-Acosta
357, donna wood ,(291)942 9517x27799,hurleykaren @example.net,"Fleming, Kerr and Alvarez"
358,jeffrey reynolds,364-346-5392,, Brown Ltd 
359,LANCE WALKER,4607092719,millercheryl @example.org, Jackson LLC 
360,Jordan Reed,+1 499 418 6765x38313,carmenclark@ example.org, Hughes-Terry 
361,Juan Davis,609 634 0097x5383, rogerscatherine@ example.com ,Wells-Martinez
362, Traivs Koch ,798-945-7606x883, isantos@example.com ,Thomas-Jenkins
363,kaitlyn mullen,001 251 990 5832x0326,swarner@ example.com,lewis group
364,MICHELE ROBERTS,001 474 641 5639x056,johnmartinez@example.net,Rollins Inc
365,JOSHUA HANSON,001 860 373 3016x50474,daniellewillis@example.org,Peterson-Mccullough
366,corey perkins,(808)387 4007x944,,
367,TREVOR KIRK,+1 445 428 5446, winterssusan@ example.org , Gonzalez-Vang 
368,jimmy thornton, (984)861 2803x23240 , lrodriguez@example.org ,Sanders Group
369,Daniel Sandoval,581 752 0132x13249,andreabrown@ example.com,"Scott, Roberts and Williams"
370,Alicia Love,001 304 594 8994,obarrett @example.com,Rodriguez Inc
371,Curtis Jones,405 618 7389,kylierussell@example.org,GREENE-WASHINGTON
372, RubenH anson ,+1 853 344 2076x687, rvance@ example.net ,Brown-Ashley
373, Oscar Wu ,(961)228 0959x374,brandigraham@example.com,mruphy-adams
374,Ariel Spencer,(571)738 0355x0395,cferguson @example.net,"Ewing, Rivera and Powell"
375,Fre dSmith,4447803049,gomezbrian@ example.net,MCKAY INC
376, SANDRA HUGHES ,647 546 4930x84662,zdean @example.net,"Williamson, Evans and Castro"
377,brittany morris,001 536 947 1373,josephsantos@example.net,"Roy, Palmer and Sims"
378, lindsey turner ,516-217-1120x99560,dillonosborne@example.org,Hernandez LLC
379, Stephanie Wood , 211 381 2298 ,timothyhammond@ example.net,Zavala-Miller
380,,705-733-2081,ebyrd @example.org, Burton Inc 
381,Susan Moran,001 920 875 8296x6778,michelleroberts@example.net,"Morris, Torres and Shields"
382,Anthony Dawson, 908 697 1676 ,snydergina@example.com,Cooepr Group
383,Ann aLittle,262 411 2134,zochoa@example.org,Patterson Inc
384, Andrew Phelps ,+1 461 691 9680,joyceberg @example.com," Roberts, Butler and Delacruz "
385, SHELBY HERNANDEZ , 8262596562 ,,BartlettF-reeman
386, RICHARD ADNERSON , 376-473-0004x99618 ,shauntran@ example.org,Ramirez-Meyer
387,PAULA HLOLAND,001 774 327 1380x0624,donald78 @example.net, sandoval ltd 
388,michael vargas, 757 470 1208x2088 , halllaura@ example.org ,miller-mcgrath
389, Jacob Taylor ,940-846-7748x393,,DAVIS-CLAKR
390,Nathan Thompson,7894773517,xthomas @example.com,Barry Inc
391,Samuel Smith,001 974 492 6499x1429,johnsonlaura @example.org,Gates-Harris
392,, 6367094727 ,emily86 @example.net,Thomas Inc
393,Sheila Montoya,(201)333 7327x180,elijahroberts @example.com,
394,TylerR uiz,,omarjones@ example.org,"Phillips, Young and James"
395,Tory Tran,9337322922,barnesshawn@example.org,Fisher-Montes
396,Kelly Nichols,001 851 819 8752,claudia47@example.net, ROBINSONA ND SONS 
397,Ashley Evans,001 609 230 3839x36065,tellis@example.net,"Rodriguez, Jackson and Graves"
398,Sharon Gordon,(608)858 7446x679,gbennett@ example.com,turner-reid
399,John Tucker,336-208-7392, stevenrojas @example.com ,Mcdonald Inc
400, Trevor Knapp ,812-523-1125x0092,bmurphy @example.com,
401,jose farley,001 571 454 0265x1450,ericcarpenter@ example.net,"Hunter, Bates and Moore"
402, VANESSA ROBERTS ,(769)958 1433,stevensonsarah@ example.net,Williams LLC
403,Chelsey Potter,462-276-8847x38538,ashleyblack@ example.org,Olvier and Sons
404,michael murphy, 413-859-2892 ,lisa99@ example.com,"dudley, salazar and ellis"
405, MRS. AMY MANN ,408 657 2569,,"oCchran, Black and Dean"
406,eric mahoney,+1 316 256 9072x59913,tranlance @example.org,KING-PETERSON
407,David Smith, 815-576-8994x81564 , gwilson @example.net ,Gallegos-Bowers
408,Miranda Valenzuela, 001 819 857 8814x56753 ,carolinemathews @example.net,
409,Tony aKlein,001 713 672 6691,ryanbaker @example.com,"Collier, Davis and Malone"
410,Cyntiha Rivas,509-249-1542x169,douglas45@ example.net," Raymond, Johnson and Shelton "
411,SYLVIA KIM,867-596-3354x506,cordovamark @example.net,"Mcbride, Georg eand Lowe"
412, rCystal Nelson ,001 542 423 3002x1132,trichard @example.net,"Hood, Nguyen and Hopkins"
413,Louis Parker,321 529 1111x7685,justinanthony@example.net,Smith-Green
414,jose chandler,682 390 2693x288,rcopeland@ example.com, Mendoza Inc 
415,david rogers,297 788 9952x4457,jesse01@ example.com,Cohen-Andrews
416,JULIE ODONNELL,+1 887 475 0285,," GARZA, DICKERSON AND ANDRADE "
417, Wendy Norton ,001 993 827 9049x65107,thomaszachary @example.net,"WALKER, CASTILLO AND HUGHES"
418, Tiffany Newton ,+1 325 370 2265x508,simpsonlauren @example.org,"Mata, Davis and Howard"
419,JOSEPH MCFARLAND,474 968 7930,amyrodgers@ example.com,Brafdord-Hicks
420, stacy hall ,001 602 292 9120x54467,sandra96@ example.net,Harrignton LLC
421,Gregory Allen MD, 001 393 494 5316 ,renee49 @example.net,oJnes Inc
422,NICHOLAS JOHNSON,+1 921 345 2627x5270,ramosalexander@ example.com,"Dennis ,Mcintosh and Rodriguez"
423,Henry Turner,+1 761 821 8062x4611,lindseyswanson@ example.org, Robertson Ltd 
424,Elaine Sims,753-324-6477,staffordleonard@example.com,Thomas and Sons
425,Jesus Garcia,+1 570 682 6405, allison55 @example.com ,graha mand sons
426,eJffrey Holloway,805-762-7724x3686, kevinanderson@example.com ,Sullivan-Murray
427,Norma Williams,480-295-0298x2564,xbrown@example.com,JOHNSON RGOUP
428,Candice Duncan,(212)564 0109x38755,greenrhonda@example.com,"MOORE, WILLIAMS AND HANNA"
429,JACOB IRWIN,(313)932 9156x07794,brittany32@example.net,"anthony, mason and strickland"
430,TINA MORRIS,276 841 8208,ericnolan @example.org,"mills, cruz and bean"
431,Heather Hammond,(550)517 0841,jesse77@example.net,Kirk and Sons
432,HAROLD LAWSON,+1 584 387 8602,anthonykhan@example.com,Diaz-Montgomery
433,PATRICIA THORNTON, (749)371 3775x267 ,itorres @example.com,Macias PLC
434,Fran kSosa,001 759 540 9002x77486,stewartanne @example.com,"BROWN, LAWSON AND WILSON"
435,JASMINE GARCIA,511-739-4766x5193,merritthannah@example.com,Miller Inc
436,TravisL opez, 562-635-9108x5795 ,bennetttiffany @example.com, BRAUN-RAMIREZ 
437,gregory friedman,(899)721 7213x3748, lgood @example.org , hernandez and sons 
438,Carme nKing,,gonzalezholly@example.net, ellis plc 
439,Karen Martin,588 301 5947,robertsann@ example.org,"bell, white and rowland"
440,Kelsey Serrano,280-426-0521x7241,,Davis Group
441,lisa salazar,919-498-0079,daniel77@example.net," JONES, ROJAS AND BANKS "
442,Jeremy Peters,+1 285 799 7620x774,kimberly06@example.com,Davis-Young
443,MATTHEW NEWMAN,609-985-3930x9809,zdavis@example.net,"ramsey, reed and beltran"
444, MEGAN JENNINGS ,220-268-1426,,"Grant, Berg and Moran"
445,MEGAN MURPHY,001 365 444 5315x942,njones@ example.com,Vance and Sons
446,LISA ROBERTS,(256)574 1519x8588,meghan92@example.com,"Bailey, Scott and Fernandez"
447,kimberly watson,279 599 9248,dennis87@example.com,Mliler-Mullen
448,AMANDA WELLS,001 264 457 6156x8917,,Taylor Group
449, Kieth Pearson ,245-528-9187x15510,,Hernandez-Duke
450,Jenna Ellis,(615)870 7414x6856,allison31@example.net,Fisher-Collier
451, RONALD SUMMERS ,+1 658 753 0885x63127,,"reyes, smith and knight"
452,Mark Davis,+1 925 717 6497x877,tammy89@example.com, Miller Ltd 
453,Thomas Harmon,+1 832 641 4712x1394, cameron33@example.com ,Powers-Jones
454,Daniel Stevenson, 437-858-1594 ,mjohnson @example.com,Taylor-Hughes
455,Matthew Johnosn,9675813643,jeremy09@ example.org,FRENCH INC
456,Charles Schwartz,(941)725 0262x288,," Herman, Sanders and Morrison "
457,Amanda Young,+1 580 534 9516x4633,alicia21 @example.org,"MCKENZIE, ROGERS AND POOLE"
458,PAIGE MONTOYA,(738)330 2865,vaughanlisa@example.org,CHAVEZ-MCCLURE
459,Krystal Osborne,444 628 2034,,"GOMEZ, WALSH AND PEIRCE"
460,Cindy Andersen,(854)999 5915,william11@example.net,"Hill, Roy and Meyer"
461,LISA HOPKINS,,vrichards @example.net,"BRYAN, RIDDLE AND TAYLOR"
462,Lsia Guzman,2792299990,ronaldstevens @example.com,stewart-lewis
463,Jordan Snatana,314 693 4257x1379, wrightdorothy @example.org ,Mason and Sons
464, Jennifer Murphy ,,yudaniel@ example.com,hill-robinson
465,PATRICIA THOMAS, 486-967-6073x108 ,jennifersmith@example.org,Lowery Ltd
466,JULIE HATFIELD,480 555 9437,richardcassandra @example.net,"Bell, Brenann and Robinson"
467,Darrell Glover, 001 299 652 1208x421 ,ortizstephanie @example.org,JONES LTD
468,Sherry Smith,4272798227,,Williams-Rasmussen
469, Jeffrey Rice ,001 793 508 0145,rogersjohn@example.net,"collins, smith and perry"
470,brandon sanchez,535-282-0704x2502,,"PADILLA, CHAPMAN AND MARTINEZ"
471,Jason Torres,(752)660 0316x29812,kthompson@ example.com,QuinnP LC
472, James Lee ,,mcobb@example.net,Huff-Blake
473,Carl Levy, 620-208-8229 , deannaboyle@example.org ,Maldonado Inc
474, shelby hodge ,+1 225 978 7095,, Franklin-Cooper 
475,Rebecca Stevenson,+1 671 582 9839x6532,allisonvaughn @example.org,"Mcdaniel, Williams and Estes"
476, Jorge White ,400-587-8258x48316, hoovermelody @example.net ,LOPEZ LTD
477, John Knox ,600-311-8971x7457,plucas@example.com,harrell nic
478,Richard Wu,001 937 488 0186x658,,GARCIA INC
479, MARIA LEVINE ,6254856595,," Smith, Howe and Patel "
480,Patricia Campos,580-557-0038,williamsantonio @example.net,rogers-dodson
481, Alexis George ,001 416 939 1685x273, xguerrero@example.org ,"Wilson, Bowers and Phillips"
482,Brittany Watts,354 465 3788, armstrongdanielle@example.com ,johnson-webster
483,Michael Miller, 229-687-5094 ,josephsandra@example.org,kramer and sons
484,hector richardson,472 330 5184x325,ocook@ example.net,newman-sepncer
485, JENNA MICHALE ,9998913321, trevinoteresa @example.net , Klein PLC 
486,patrick mcdowell,001 294 557 7888x436, williamwalls@ example.net ,Campbell-Morgan
487,John Robinson,451-710-0030x29487,michael93@example.net, Johnson-Allen 
488,Ashley Jones,,,Reynolds-Ewing
489,Oscar Hart,788 723 3464,wholmes@ example.org,byrd group
490,Moncia Hill, +1 636 869 5613 ,ssherman@example.org, Lopez Group 
491,ROBERT GREEN,+1 631 284 4598x567,christopher26@ example.com, Williams-Garcia 
492,Mary Smith,(388)980 5778x9051, djoseph@ example.com ,newman-ross
493, DONNA SMITH ,4456894533,derricksavage @example.org,"Cook, Buck and Ray"
494,Michael Greer,624-901-5007x6990,wsullivan@ example.org,Blake and Sons
495,Nicole Mcneil,001 449 292 8630,brucemolina@ example.org,Snyder-Haney
496,Gabriella Powers,7263922541,fdavis@example.org,Hurst LLC
497,Christophre Mcfarland,679-511-9586, sherryrussell@example.org ,Kelly-Clark
498,SEAN MILLS,6882100294,jilladkins@example.com,"PHILLIPS, CUNNINGHAM AND GRIFFIN"
499, Leah Sanchez ,001 385 218 1701x08535,,"HOOVER, DUNN AND COX"
500,bradley powers,+1 527 402 3227, josegreen@ example.com ," jefferson, poole and hudson "
